ID,xPair,diffLighting,lightrgb,lightL,lightA,lightB,darkrgb,darkL,darkA,darkB,diffRatingSun,lightAssocSun,darkAssocSun,diffRatingShade,lightAssocShade,darkAssocShade
1,1113,50,#d5b811,75,-3.9252,74.897,#3b3b3b,25,0,0,0.896328125,0.902734375,0.00640625,-0.81734375,0.13171875,0.9490625
2,1142,38,#d0e942,88,-28.891,73.589,#777777,50,0,0,0.786875,0.839296875,0.052421875,-0.700546875,0.118828125,0.819375
3,1115,50,#fba714,75,21.041,76.206,#3b3b3b,25,0,0,0.828125,0.83453125,0.00640625,-0.823125,0.1259375,0.9490625
10,1136,38,#f7db7c,88,-2.6168,49.931,#777777,50,0,0,0.7234375,0.775859375,0.052421875,-0.67421875,0.14515625,0.819375
134,931,38,#dddddd,88,0,0,#3b8378,50,-24.966,-1.3084,0.26359375,0.451015625,0.187421875,-0.3015625,0.180546875,0.482109375
184,1235,38,#dddddd,88,0,0,#0e8a19,50,-52.548,47.315,0.193515625,0.451015625,0.2575,-0.142578125,0.180546875,0.323125
220,346,50,#b9b9b9,75,0,0,#600b84,25,52.548,-47.315,0.156015625,0.28953125,0.133515625,-0.120078125,0.432109375,0.5521875
222,777,50,#b9b9b9,75,0,0,#72005e,25,51.24,-22.349,0.15359375,0.28953125,0.1359375,-0.05953125,0.432109375,0.491640625
